{
  "accuracy": 0.23333333333333334,
  "class_report": {
    "Bacteria": {
      "precision": 0.24489795918367346,
      "recall": 0.27906976744186046,
      "f1-score": 0.2608695652173913,
      "support": 43.0
    },
    "Fungus": {
      "precision": 0.25,
      "recall": 0.2702702702702703,
      "f1-score": 0.2597402597402597,
      "support": 37.0
    },
    "Parasite": {
      "precision": 0.14705882352941177,
      "recall": 0.14705882352941177,
      "f1-score": 0.14705882352941177,
      "support": 34.0
    },
    "Virus": {
      "precision": 0.2962962962962963,
      "recall": 0.2222222222222222,
      "f1-score": 0.25396825396825395,
      "support": 36.0
    },
    "accuracy": 0.23333333333333334,
    "macro avg": {
      "precision": 0.23456326975234537,
      "recall": 0.22965527086594117,
      "f1-score": 0.23040922561382918,
      "support": 150.0
    },
    "weighted avg": {
      "precision": 0.23631519274376417,
      "recall": 0.23333333333333334,
      "f1-score": 0.2331375870506305,
      "support": 150.0
    }
  },
  "classes": [
    "Bacteria",
    "Fungus",
    "Parasite",
    "Virus"
  ],
  "timestamp": "20251010_134144"
}