{
  "accuracy": 0.32,
  "class_report": {
    "Bacteria": {
      "precision": 0.4444444444444444,
      "recall": 0.4,
      "f1-score": 0.42105263157894735,
      "support": 40.0
    },
    "Fungus": {
      "precision": 0.2916666666666667,
      "recall": 0.3684210526315789,
      "f1-score": 0.32558139534883723,
      "support": 38.0
    },
    "Parasite": {
      "precision": 0.3142857142857143,
      "recall": 0.3142857142857143,
      "f1-score": 0.3142857142857143,
      "support": 35.0
    },
    "Virus": {
      "precision": 0.22580645161290322,
      "recall": 0.1891891891891892,
      "f1-score": 0.20588235294117646,
      "support": 37.0
    },
    "accuracy": 0.32,
    "macro avg": {
      "precision": 0.31905081925243217,
      "recall": 0.3179739890266206,
      "f1-score": 0.3167005235386688,
      "support": 150.0
    },
    "weighted avg": {
      "precision": 0.3214396654719236,
      "recall": 0.32,
      "f1-score": 0.31887896896824824,
      "support": 150.0
    }
  },
  "classes": [
    "Bacteria",
    "Fungus",
    "Parasite",
    "Virus"
  ],
  "timestamp": "20251010_133705"
}